<?xml version="1.0" encoding="UTF-8"?>
<!DOCTYPE configuration
  PUBLIC "-//mybatis.org/DTD Config 3.0//EN"
  "http://mybatis.org/dtd/mybatis-3-config.dtd">
<configuration>
	<settings>
		<setting name="logImpl" value="LOG4J"/>
	</settings>
	<mappers>

		<mapper resource="mappers/pluto/mapper-upload.xml"></mapper>
		<mapper resource="mappers/pluto/mapper-base.xml"></mapper>
		<mapper resource="mappers/pluto/mapper-agree.xml"></mapper>
		<mapper resource="mappers/pluto/mapper-user.xml"></mapper>
		<mapper resource="mappers/pluto/mapper-signature.xml"></mapper>

	</mappers>
</configuration>