<?xml version="1.0" encoding="UTF-8"?>
<beans 
	xmlns="http://www.springframework.org/schema/beans"
	xmlns:xsi="http://www.w3.org/2001/XMLSchema-instance" 
	xmlns:aop="http://www.springframework.org/schema/aop"
	xmlns:context="http://www.springframework.org/schema/context"
	xmlns:mvc="http://www.springframework.org/schema/mvc" 
	xmlns:util="http://www.springframework.org/schema/util"
	xmlns:tx="http://www.springframework.org/schema/tx"
	xmlns:jdbc="http://www.springframework.org/schema/jdbc"
	xmlns:cache="http://www.springframework.org/schema/cache"
	xsi:schemaLocation="
		http://www.springframework.org/schema/beans http://www.springframework.org/schema/beans/spring-beans-3.2.xsd
		http://www.springframework.org/schema/aop http://www.springframework.org/schema/aop/spring-aop-3.2.xsd
		http://www.springframework.org/schema/context http://www.springframework.org/schema/context/spring-context-3.2.xsd
		http://www.springframework.org/schema/mvc http://www.springframework.org/schema/mvc/spring-mvc-4.2.xsd
		http://www.springframework.org/schema/util http://www.springframework.org/schema/util/spring-util-3.2.xsd
		http://www.springframework.org/schema/tx http://www.springframework.org/schema/tx/spring-tx-3.2.xsd
		http://www.springframework.org/schema/jdbc http://www.springframework.org/schema/jdbc/spring-jdbc-3.2.xsd
		http://www.springframework.org/schema/cache  http://www.springframework.org/schema/cache/spring-cache-3.2.xsd">
	
	<!-- 获取配置文件 -->
	<bean id="propertyConfigurer" class="org.springframework.beans.factory.config.PropertyPlaceholderConfigurer">
		<property name="locations">
			<array>
				<value>classpath:context-pawj.properties</value>
				<value>classpath:jdbc.properties</value>
			</array>
		</property>
	</bean>
	
	<!-- don't handle the static resource -->
	<mvc:default-servlet-handler/>
	
	<bean id="customObjectMapper" class="com.paic.pluto.util.CustomObjectMapper"></bean> 
	
	<!-- 注解驱动 -->
	<mvc:annotation-driven>
		<mvc:message-converters register-defaults="true">
			<bean class="org.springframework.http.converter.StringHttpMessageConverter">
				<property name="supportedMediaTypes" value="text/html;charset=UTF-8"></property>
			</bean>
			<!-- 
			<bean class="org.springframework.http.converter.json.MappingJacksonHttpMessageConverter">  
                <property name="objectMapper" ref="customObjectMapper"></property>  
            </bean>
			 -->
		</mvc:message-converters>
	</mvc:annotation-driven> 
 	<context:annotation-config />  
<!-- context:component-scan 具有annotation-config 的功能 -->
	<!-- 扫描 -->
	<context:component-scan  base-package="com.paic">
		<context:exclude-filter type="annotation" expression="org.springframework.stereotype.Service" />
	</context:component-scan>
	
	<!--  视图解析器 -->
	<bean id="viewResolver"  class="org.springframework.web.servlet.view.InternalResourceViewResolver">
		<property  name="prefix" value="/WEB-INF/jsp/"> </property>
		<property name="suffix"  value=".jsp"></property>
	</bean>
	
	<!-- 
	 <bean id="multipartResolver" class="org.springframework.web.multipart.commons.CommonsMultipartResolver"  
        p:defaultEncoding="UTF-8"  
        p:maxUploadSize="5400000"  
        p:uploadTempDir="fileUpload/temp"  
     />  
	 -->


	<bean id="multipartResolver" class="org.springframework.web.multipart.commons.CommonsMultipartResolver">
		<property name="defaultEncoding" value="UTF-8"/>
	</bean>
	
<!-- 	
	<mvc:cors>
		<mvc:mapping path="/**" allowed-origins="*" allow-credentials="true" 
		             max-age="1800" allowed-methods="GET,POST,OPTIONS" /> 
	</mvc:cors> -->
	
	<!--
	<mvc:interceptors>
		<mvc:interceptor>
			<mvc:mapping path="/wechat/**" />
			<mvc:mapping path="/getMyImg/**" />
			<mvc:exclude-mapping path="/wechat/oauth2.do"></mvc:exclude-mapping> 
			<mvc:exclude-mapping path="/wechat/oauth2url.do"></mvc:exclude-mapping> 
			<bean class="com.paic.pluto.wechat.interceptor.OAuth2Interceptor"></bean>
		</mvc:interceptor>
	</mvc:interceptors>
	 -->
	 
</beans> 